poll_sample_id,year,ward,fieldwork_end,pollster,candidate_name,response_kind,share,source_url,publication_date,reading_base,base_kind,recruited_sample_size,reading_denominator,source_response_label,reported_share_percent,source_doc_id,source_locator,method,retrieved_url,sha256,official_candidate_name,official_vote_share,official_votes,official_contest_id,official_results_release,election_date
forum-2022-ward-4-2022-09-13,2022,4,2022-09-13,Forum Research,Gord Perks,candidate,0.52,https://poll.forumresearch.com/data/0f87336b-4a32-498e-8411-70b1dd986581Ward%204%20News%20Release.pdf,2022-09-14,162,reported_table_base,228,decided_leaning,Gord Perks,52,forum-2022-4-sep,PDF page 2; Council Vote Preference [Decided / Leaning]; Total column,randomly selected eligible voters; interactive voice response telephone survey,https://web.archive.org/web/20250227004529id_/https://poll.forumresearch.com/data/0f87336b-4a32-498e-8411-70b1dd986581Ward%204%20News%20Release.pdf,74bb49a7ce9a4759d1b933dd9a3699587c6803aa4a3cbf723948a9b70fbae397,Gord Perks,0.3547812251392204,11149,con_2c0ca30fc75e51a3acf50c4693b1cc1b,results-2026-09-30.2,2022-10-24
forum-2022-ward-4-2022-09-13,2022,4,2022-09-13,Forum Research,Siri Agrell,candidate,0.21,https://poll.forumresearch.com/data/0f87336b-4a32-498e-8411-70b1dd986581Ward%204%20News%20Release.pdf,2022-09-14,162,reported_table_base,228,decided_leaning,Siri Agrell,21,forum-2022-4-sep,PDF page 2; Council Vote Preference [Decided / Leaning]; Total column,randomly selected eligible voters; interactive voice response telephone survey,https://web.archive.org/web/20250227004529id_/https://poll.forumresearch.com/data/0f87336b-4a32-498e-8411-70b1dd986581Ward%204%20News%20Release.pdf,74bb49a7ce9a4759d1b933dd9a3699587c6803aa4a3cbf723948a9b70fbae397,Siri Agrell,0.25702466189339696,8077,con_2c0ca30fc75e51a3acf50c4693b1cc1b,results-2026-09-30.2,2022-10-24
forum-2022-ward-4-2022-09-13,2022,4,2022-09-13,Forum Research,Chemi Lhamo,candidate,0.06,https://poll.forumresearch.com/data/0f87336b-4a32-498e-8411-70b1dd986581Ward%204%20News%20Release.pdf,2022-09-14,162,reported_table_base,228,decided_leaning,Chemi Lhamo,6,forum-2022-4-sep,PDF page 2; Council Vote Preference [Decided / Leaning]; Total column,randomly selected eligible voters; interactive voice response telephone survey,https://web.archive.org/web/20250227004529id_/https://poll.forumresearch.com/data/0f87336b-4a32-498e-8411-70b1dd986581Ward%204%20News%20Release.pdf,74bb49a7ce9a4759d1b933dd9a3699587c6803aa4a3cbf723948a9b70fbae397,Chemi Lhamo,0.3156404136833731,9919,con_2c0ca30fc75e51a3acf50c4693b1cc1b,results-2026-09-30.2,2022-10-24
forum-2022-ward-4-2022-09-13,2022,4,2022-09-13,Forum Research,Andrew Gorham,candidate,0.10,https://poll.forumresearch.com/data/0f87336b-4a32-498e-8411-70b1dd986581Ward%204%20News%20Release.pdf,2022-09-14,162,reported_table_base,228,decided_leaning,Andrew Gorham,10,forum-2022-4-sep,PDF page 2; Council Vote Preference [Decided / Leaning]; Total column,randomly selected eligible voters; interactive voice response telephone survey,https://web.archive.org/web/20250227004529id_/https://poll.forumresearch.com/data/0f87336b-4a32-498e-8411-70b1dd986581Ward%204%20News%20Release.pdf,74bb49a7ce9a4759d1b933dd9a3699587c6803aa4a3cbf723948a9b70fbae397,Andrew Gorham,0.019920445505171042,626,con_2c0ca30fc75e51a3acf50c4693b1cc1b,results-2026-09-30.2,2022-10-24
forum-2022-ward-4-2022-09-13,2022,4,2022-09-13,Forum Research,Other,other,0.11,https://poll.forumresearch.com/data/0f87336b-4a32-498e-8411-70b1dd986581Ward%204%20News%20Release.pdf,2022-09-14,162,reported_table_base,228,decided_leaning,Other,11,forum-2022-4-sep,PDF page 2; Council Vote Preference [Decided / Leaning]; Total column,randomly selected eligible voters; interactive voice response telephone survey,https://web.archive.org/web/20250227004529id_/https://poll.forumresearch.com/data/0f87336b-4a32-498e-8411-70b1dd986581Ward%204%20News%20Release.pdf,74bb49a7ce9a4759d1b933dd9a3699587c6803aa4a3cbf723948a9b70fbae397,,,,,results-2026-09-30.2,2022-10-24
forum-2022-ward-5-2022-09-13,2022,5,2022-09-13,Forum Research,Frances Nunziata,candidate,0.52,https://poll.forumresearch.com/data/74bddea4-50a4-4c53-a017-52dabdd9cb43Ward%205%20News%20Release.pdf,2022-09-14,153,reported_table_base,211,decided_leaning,Frances Nunziata,52,forum-2022-5-sep,PDF page 2; Council Vote Preference [Decided / Leaning]; Total column,randomly selected eligible voters; interactive voice response telephone survey,https://web.archive.org/web/20250227004521id_/https://poll.forumresearch.com/data/74bddea4-50a4-4c53-a017-52dabdd9cb43Ward%205%20News%20Release.pdf,73e01b0fd533a1dffeab6ebc8b79fab0cdf2815dba23482797e85b8a1019dbd4,Frances Nunziata,0.4760712429725516,10077,con_52f50431db92559f8d4391fb2e932f16,results-2026-09-30.2,2022-10-24
forum-2022-ward-5-2022-09-13,2022,5,2022-09-13,Forum Research,Chiara Padovani,candidate,0.28,https://poll.forumresearch.com/data/74bddea4-50a4-4c53-a017-52dabdd9cb43Ward%205%20News%20Release.pdf,2022-09-14,153,reported_table_base,211,decided_leaning,Chiara Padovani,28,forum-2022-5-sep,PDF page 2; Council Vote Preference [Decided / Leaning]; Total column,randomly selected eligible voters; interactive voice response telephone survey,https://web.archive.org/web/20250227004521id_/https://poll.forumresearch.com/data/74bddea4-50a4-4c53-a017-52dabdd9cb43Ward%205%20News%20Release.pdf,73e01b0fd533a1dffeab6ebc8b79fab0cdf2815dba23482797e85b8a1019dbd4,Chiara Padovani,0.4716303680257004,9983,con_52f50431db92559f8d4391fb2e932f16,results-2026-09-30.2,2022-10-24
forum-2022-ward-5-2022-09-13,2022,5,2022-09-13,Forum Research,Gabriel Takang,candidate,0.08,https://poll.forumresearch.com/data/74bddea4-50a4-4c53-a017-52dabdd9cb43Ward%205%20News%20Release.pdf,2022-09-14,153,reported_table_base,211,decided_leaning,Gabriel Takang,8,forum-2022-5-sep,PDF page 2; Council Vote Preference [Decided / Leaning]; Total column,randomly selected eligible voters; interactive voice response telephone survey,https://web.archive.org/web/20250227004521id_/https://poll.forumresearch.com/data/74bddea4-50a4-4c53-a017-52dabdd9cb43Ward%205%20News%20Release.pdf,73e01b0fd533a1dffeab6ebc8b79fab0cdf2815dba23482797e85b8a1019dbd4,Gabriel Takang,0.052298389001748005,1107,con_52f50431db92559f8d4391fb2e932f16,results-2026-09-30.2,2022-10-24
forum-2022-ward-5-2022-09-13,2022,5,2022-09-13,Forum Research,Other,other,0.12,https://poll.forumresearch.com/data/74bddea4-50a4-4c53-a017-52dabdd9cb43Ward%205%20News%20Release.pdf,2022-09-14,153,reported_table_base,211,decided_leaning,Other,12,forum-2022-5-sep,PDF page 2; Council Vote Preference [Decided / Leaning]; Total column,randomly selected eligible voters; interactive voice response telephone survey,https://web.archive.org/web/20250227004521id_/https://poll.forumresearch.com/data/74bddea4-50a4-4c53-a017-52dabdd9cb43Ward%205%20News%20Release.pdf,73e01b0fd533a1dffeab6ebc8b79fab0cdf2815dba23482797e85b8a1019dbd4,,,,,results-2026-09-30.2,2022-10-24
forum-2022-ward-10-2022-09-14,2022,10,2022-09-14,Forum Research,April Engelberg,candidate,0.08,https://poll.forumresearch.com/data/b390026c-ece7-475d-85f0-9cc0e050e9e0Ward%2010%20News%20Release.pdf,2022-09-15,105,reported_table_base,208,decided_leaning,April Engelberg,8,forum-2022-10-sep,PDF page 2; Council Vote Preference [Decided / Leaning]; Total column,randomly selected eligible voters; interactive voice response telephone survey,https://web.archive.org/web/20250227004457id_/https://poll.forumresearch.com/data/b390026c-ece7-475d-85f0-9cc0e050e9e0Ward%2010%20News%20Release.pdf,ec7d6072e46ef91d24f55857c4172ba03fdc6c4eeff0b9bd4e98bd714b13e415,April Engelberg,0.2133952133952134,4690,con_c44af6fcb9ff527e8974217b3d633af1,results-2026-09-30.2,2022-10-24
forum-2022-ward-10-2022-09-14,2022,10,2022-09-14,Forum Research,Ausma Malik,candidate,0.52,https://poll.forumresearch.com/data/b390026c-ece7-475d-85f0-9cc0e050e9e0Ward%2010%20News%20Release.pdf,2022-09-15,105,reported_table_base,208,decided_leaning,Ausma Malik,52,forum-2022-10-sep,PDF page 2; Council Vote Preference [Decided / Leaning]; Total column,randomly selected eligible voters; interactive voice response telephone survey,https://web.archive.org/web/20250227004457id_/https://poll.forumresearch.com/data/b390026c-ece7-475d-85f0-9cc0e050e9e0Ward%2010%20News%20Release.pdf,ec7d6072e46ef91d24f55857c4172ba03fdc6c4eeff0b9bd4e98bd714b13e415,Ausma Malik,0.3655018655018655,8033,con_c44af6fcb9ff527e8974217b3d633af1,results-2026-09-30.2,2022-10-24
forum-2022-ward-10-2022-09-14,2022,10,2022-09-14,Forum Research,Rocco Achampong,candidate,0.05,https://poll.forumresearch.com/data/b390026c-ece7-475d-85f0-9cc0e050e9e0Ward%2010%20News%20Release.pdf,2022-09-15,105,reported_table_base,208,decided_leaning,Rocco Achampong,5,forum-2022-10-sep,PDF page 2; Council Vote Preference [Decided / Leaning]; Total column,randomly selected eligible voters; interactive voice response telephone survey,https://web.archive.org/web/20250227004457id_/https://poll.forumresearch.com/data/b390026c-ece7-475d-85f0-9cc0e050e9e0Ward%2010%20News%20Release.pdf,ec7d6072e46ef91d24f55857c4172ba03fdc6c4eeff0b9bd4e98bd714b13e415,Rocco Achampong,0.08672308672308672,1906,con_c44af6fcb9ff527e8974217b3d633af1,results-2026-09-30.2,2022-10-24
forum-2022-ward-10-2022-09-14,2022,10,2022-09-14,Forum Research,Karlene Nation,candidate,0.13,https://poll.forumresearch.com/data/b390026c-ece7-475d-85f0-9cc0e050e9e0Ward%2010%20News%20Release.pdf,2022-09-15,105,reported_table_base,208,decided_leaning,Karlene Nation,13,forum-2022-10-sep,PDF page 2; Council Vote Preference [Decided / Leaning]; Total column,randomly selected eligible voters; interactive voice response telephone survey,https://web.archive.org/web/20250227004457id_/https://poll.forumresearch.com/data/b390026c-ece7-475d-85f0-9cc0e050e9e0Ward%2010%20News%20Release.pdf,ec7d6072e46ef91d24f55857c4172ba03fdc6c4eeff0b9bd4e98bd714b13e415,Karlene Nation,0.045545545545545546,1001,con_c44af6fcb9ff527e8974217b3d633af1,results-2026-09-30.2,2022-10-24
forum-2022-ward-10-2022-09-14,2022,10,2022-09-14,Forum Research,Other,other,0.22,https://poll.forumresearch.com/data/b390026c-ece7-475d-85f0-9cc0e050e9e0Ward%2010%20News%20Release.pdf,2022-09-15,105,reported_table_base,208,decided_leaning,Other,22,forum-2022-10-sep,PDF page 2; Council Vote Preference [Decided / Leaning]; Total column,randomly selected eligible voters; interactive voice response telephone survey,https://web.archive.org/web/20250227004457id_/https://poll.forumresearch.com/data/b390026c-ece7-475d-85f0-9cc0e050e9e0Ward%2010%20News%20Release.pdf,ec7d6072e46ef91d24f55857c4172ba03fdc6c4eeff0b9bd4e98bd714b13e415,,,,,results-2026-09-30.2,2022-10-24
forum-2022-ward-13-2022-09-14,2022,13,2022-09-14,Forum Research,Chris Moise,candidate,0.41,https://poll.forumresearch.com/data/a199cd17-a268-43ac-a464-8c75787e2657Ward%2013%20News%20Release.pdf,2022-09-15,90,reported_table_base,217,decided_leaning,Chris Moise,41,forum-2022-13-sep,PDF page 2; Council Vote Preference [Decided / Leaning]; Total column,randomly selected eligible voters; interactive voice response telephone survey,https://web.archive.org/web/20250227004442id_/https://poll.forumresearch.com/data/a199cd17-a268-43ac-a464-8c75787e2657Ward%2013%20News%20Release.pdf,7052a1572b6917208fbc5a85c593a8852f9f4af5ca4a42288889fb3f0631c729,Chris Moise,0.48483864985163205,10457,con_9476d4c41a7d5fa48b97b47e28f9305d,results-2026-09-30.2,2022-10-24
forum-2022-ward-13-2022-09-14,2022,13,2022-09-14,Forum Research,Ryan Lester,candidate,0.10,https://poll.forumresearch.com/data/a199cd17-a268-43ac-a464-8c75787e2657Ward%2013%20News%20Release.pdf,2022-09-15,90,reported_table_base,217,decided_leaning,Ryan Lester,10,forum-2022-13-sep,PDF page 2; Council Vote Preference [Decided / Leaning]; Total column,randomly selected eligible voters; interactive voice response telephone survey,https://web.archive.org/web/20250227004442id_/https://poll.forumresearch.com/data/a199cd17-a268-43ac-a464-8c75787e2657Ward%2013%20News%20Release.pdf,7052a1572b6917208fbc5a85c593a8852f9f4af5ca4a42288889fb3f0631c729,Ryan Lester,0.030044510385756677,648,con_9476d4c41a7d5fa48b97b47e28f9305d,results-2026-09-30.2,2022-10-24
forum-2022-ward-13-2022-09-14,2022,13,2022-09-14,Forum Research,Nicki Ward,candidate,0.26,https://poll.forumresearch.com/data/a199cd17-a268-43ac-a464-8c75787e2657Ward%2013%20News%20Release.pdf,2022-09-15,90,reported_table_base,217,decided_leaning,Nicki Ward,26,forum-2022-13-sep,PDF page 2; Council Vote Preference [Decided / Leaning]; Total column,randomly selected eligible voters; interactive voice response telephone survey,https://web.archive.org/web/20250227004442id_/https://poll.forumresearch.com/data/a199cd17-a268-43ac-a464-8c75787e2657Ward%2013%20News%20Release.pdf,7052a1572b6917208fbc5a85c593a8852f9f4af5ca4a42288889fb3f0631c729,Nicki Ward,0.1826780415430267,3940,con_9476d4c41a7d5fa48b97b47e28f9305d,results-2026-09-30.2,2022-10-24
forum-2022-ward-13-2022-09-14,2022,13,2022-09-14,Forum Research,Other,other,0.23,https://poll.forumresearch.com/data/a199cd17-a268-43ac-a464-8c75787e2657Ward%2013%20News%20Release.pdf,2022-09-15,90,reported_table_base,217,decided_leaning,Other,23,forum-2022-13-sep,PDF page 2; Council Vote Preference [Decided / Leaning]; Total column,randomly selected eligible voters; interactive voice response telephone survey,https://web.archive.org/web/20250227004442id_/https://poll.forumresearch.com/data/a199cd17-a268-43ac-a464-8c75787e2657Ward%2013%20News%20Release.pdf,7052a1572b6917208fbc5a85c593a8852f9f4af5ca4a42288889fb3f0631c729,,,,,results-2026-09-30.2,2022-10-24
forum-2022-ward-20-2022-09-15,2022,20,2022-09-15,Forum Research,Gary Crawford,candidate,0.39,https://poll.forumresearch.com/data/00bd353b-b4c5-4efc-ba8a-7e75d5abb630Ward%2020%20News%20Release.pdf,2022-09-16,165,reported_table_base,216,decided_leaning,Gary Crawford,39,forum-2022-20-sep,PDF page 2; Council Vote Preference [Decided / Leaning]; Total column,randomly selected eligible voters; interactive voice response telephone survey,https://web.archive.org/web/20221006035149id_/https://poll.forumresearch.com/data/00bd353b-b4c5-4efc-ba8a-7e75d5abb630Ward%2020%20News%20Release.pdf,fd392e38eb95c03b88ad219c05919f0464ce0a59f0cbac7964df8d5e525286eb,Gary Crawford,0.35069148028000685,8216,con_9e0a04dcf1245155b6f1fd50c6a83e99,results-2026-09-30.2,2022-10-24
forum-2022-ward-20-2022-09-15,2022,20,2022-09-15,Forum Research,Lorenzo Berardinetti,candidate,0.21,https://poll.forumresearch.com/data/00bd353b-b4c5-4efc-ba8a-7e75d5abb630Ward%2020%20News%20Release.pdf,2022-09-16,165,reported_table_base,216,decided_leaning,Lorenzo Berardinetti,21,forum-2022-20-sep,PDF page 2; Council Vote Preference [Decided / Leaning]; Total column,randomly selected eligible voters; interactive voice response telephone survey,https://web.archive.org/web/20221006035149id_/https://poll.forumresearch.com/data/00bd353b-b4c5-4efc-ba8a-7e75d5abb630Ward%2020%20News%20Release.pdf,fd392e38eb95c03b88ad219c05919f0464ce0a59f0cbac7964df8d5e525286eb,Lorenzo Berardinetti,0.11836264299129247,2773,con_9e0a04dcf1245155b6f1fd50c6a83e99,results-2026-09-30.2,2022-10-24
forum-2022-ward-20-2022-09-15,2022,20,2022-09-15,Forum Research,Kevin Rupasinghe,candidate,0.02,https://poll.forumresearch.com/data/00bd353b-b4c5-4efc-ba8a-7e75d5abb630Ward%2020%20News%20Release.pdf,2022-09-16,165,reported_table_base,216,decided_leaning,Kevin Rupasinghe,2,forum-2022-20-sep,PDF page 2; Council Vote Preference [Decided / Leaning]; Total column,randomly selected eligible voters; interactive voice response telephone survey,https://web.archive.org/web/20221006035149id_/https://poll.forumresearch.com/data/00bd353b-b4c5-4efc-ba8a-7e75d5abb630Ward%2020%20News%20Release.pdf,fd392e38eb95c03b88ad219c05919f0464ce0a59f0cbac7964df8d5e525286eb,Kevin Rupasinghe,0.13693016902851288,3208,con_9e0a04dcf1245155b6f1fd50c6a83e99,results-2026-09-30.2,2022-10-24
forum-2022-ward-20-2022-09-15,2022,20,2022-09-15,Forum Research,Parthi Kandavel,candidate,0.09,https://poll.forumresearch.com/data/00bd353b-b4c5-4efc-ba8a-7e75d5abb630Ward%2020%20News%20Release.pdf,2022-09-16,165,reported_table_base,216,decided_leaning,Parthi Kandavel,9,forum-2022-20-sep,PDF page 2; Council Vote Preference [Decided / Leaning]; Total column,randomly selected eligible voters; interactive voice response telephone survey,https://web.archive.org/web/20221006035149id_/https://poll.forumresearch.com/data/00bd353b-b4c5-4efc-ba8a-7e75d5abb630Ward%2020%20News%20Release.pdf,fd392e38eb95c03b88ad219c05919f0464ce0a59f0cbac7964df8d5e525286eb,Parthi Kandavel,0.296056001365887,6936,con_9e0a04dcf1245155b6f1fd50c6a83e99,results-2026-09-30.2,2022-10-24
forum-2022-ward-20-2022-09-15,2022,20,2022-09-15,Forum Research,Malik Ahmad,candidate,0.04,https://poll.forumresearch.com/data/00bd353b-b4c5-4efc-ba8a-7e75d5abb630Ward%2020%20News%20Release.pdf,2022-09-16,165,reported_table_base,216,decided_leaning,Malik Ahmad,4,forum-2022-20-sep,PDF page 2; Council Vote Preference [Decided / Leaning]; Total column,randomly selected eligible voters; interactive voice response telephone survey,https://web.archive.org/web/20221006035149id_/https://poll.forumresearch.com/data/00bd353b-b4c5-4efc-ba8a-7e75d5abb630Ward%2020%20News%20Release.pdf,fd392e38eb95c03b88ad219c05919f0464ce0a59f0cbac7964df8d5e525286eb,Malik Ahmad,0.030262933242274203,709,con_9e0a04dcf1245155b6f1fd50c6a83e99,results-2026-09-30.2,2022-10-24
forum-2022-ward-20-2022-09-15,2022,20,2022-09-15,Forum Research,Sharif Ahmed,candidate,0.01,https://poll.forumresearch.com/data/00bd353b-b4c5-4efc-ba8a-7e75d5abb630Ward%2020%20News%20Release.pdf,2022-09-16,165,reported_table_base,216,decided_leaning,Sharif Ahmed,1,forum-2022-20-sep,PDF page 2; Council Vote Preference [Decided / Leaning]; Total column,randomly selected eligible voters; interactive voice response telephone survey,https://web.archive.org/web/20221006035149id_/https://poll.forumresearch.com/data/00bd353b-b4c5-4efc-ba8a-7e75d5abb630Ward%2020%20News%20Release.pdf,fd392e38eb95c03b88ad219c05919f0464ce0a59f0cbac7964df8d5e525286eb,Sharif Ahmed,0.025951852484206932,608,con_9e0a04dcf1245155b6f1fd50c6a83e99,results-2026-09-30.2,2022-10-24
forum-2022-ward-20-2022-09-15,2022,20,2022-09-15,Forum Research,Philip Mills,candidate,0.08,https://poll.forumresearch.com/data/00bd353b-b4c5-4efc-ba8a-7e75d5abb630Ward%2020%20News%20Release.pdf,2022-09-16,165,reported_table_base,216,decided_leaning,Philip Mills,8,forum-2022-20-sep,PDF page 2; Council Vote Preference [Decided / Leaning]; Total column,randomly selected eligible voters; interactive voice response telephone survey,https://web.archive.org/web/20221006035149id_/https://poll.forumresearch.com/data/00bd353b-b4c5-4efc-ba8a-7e75d5abb630Ward%2020%20News%20Release.pdf,fd392e38eb95c03b88ad219c05919f0464ce0a59f0cbac7964df8d5e525286eb,Philip Mills,0.015494280348301179,363,con_9e0a04dcf1245155b6f1fd50c6a83e99,results-2026-09-30.2,2022-10-24
forum-2022-ward-20-2022-09-15,2022,20,2022-09-15,Forum Research,Corey David,candidate,0.04,https://poll.forumresearch.com/data/00bd353b-b4c5-4efc-ba8a-7e75d5abb630Ward%2020%20News%20Release.pdf,2022-09-16,165,reported_table_base,216,decided_leaning,Corey David,4,forum-2022-20-sep,PDF page 2; Council Vote Preference [Decided / Leaning]; Total column,randomly selected eligible voters; interactive voice response telephone survey,https://web.archive.org/web/20221006035149id_/https://poll.forumresearch.com/data/00bd353b-b4c5-4efc-ba8a-7e75d5abb630Ward%2020%20News%20Release.pdf,fd392e38eb95c03b88ad219c05919f0464ce0a59f0cbac7964df8d5e525286eb,Corey David,0.026250640259518523,615,con_9e0a04dcf1245155b6f1fd50c6a83e99,results-2026-09-30.2,2022-10-24
forum-2022-ward-20-2022-09-15,2022,20,2022-09-15,Forum Research,Other,other,0.14,https://poll.forumresearch.com/data/00bd353b-b4c5-4efc-ba8a-7e75d5abb630Ward%2020%20News%20Release.pdf,2022-09-16,165,reported_table_base,216,decided_leaning,Other,14,forum-2022-20-sep,PDF page 2; Council Vote Preference [Decided / Leaning]; Total column,randomly selected eligible voters; interactive voice response telephone survey,https://web.archive.org/web/20221006035149id_/https://poll.forumresearch.com/data/00bd353b-b4c5-4efc-ba8a-7e75d5abb630Ward%2020%20News%20Release.pdf,fd392e38eb95c03b88ad219c05919f0464ce0a59f0cbac7964df8d5e525286eb,,,,,results-2026-09-30.2,2022-10-24
forum-2022-ward-22-2022-09-15,2022,22,2022-09-15,Forum Research,Nick Mantas,candidate,0.43,https://poll.forumresearch.com/data/2fc49a81-6baf-49bc-ad01-f22449099fb4Ward%2022%20News%20Release.pdf,2022-09-16,118,reported_table_base,207,decided_leaning,Nick Mantas,43,forum-2022-22-sep,PDF page 2; Council Vote Preference [Decided / Leaning]; Total column,randomly selected eligible voters; interactive voice response telephone survey,https://web.archive.org/web/20221006043454id_/https://poll.forumresearch.com/data/2fc49a81-6baf-49bc-ad01-f22449099fb4Ward%2022%20News%20Release.pdf,43e08675fae043d146d1cf2282497c29865b113d243c6d727c8eb3ca2ace9d98,Nick Mantas,0.48885984195829124,8228,con_db6acf978ec15e2c9ac0230649ef0609,results-2026-09-30.2,2022-10-24
forum-2022-ward-22-2022-09-15,2022,22,2022-09-15,Forum Research,Antonios Mantas,candidate,0.05,https://poll.forumresearch.com/data/2fc49a81-6baf-49bc-ad01-f22449099fb4Ward%2022%20News%20Release.pdf,2022-09-16,118,reported_table_base,207,decided_leaning,Antonios Mantas,5,forum-2022-22-sep,PDF page 2; Council Vote Preference [Decided / Leaning]; Total column,randomly selected eligible voters; interactive voice response telephone survey,https://web.archive.org/web/20221006043454id_/https://poll.forumresearch.com/data/2fc49a81-6baf-49bc-ad01-f22449099fb4Ward%2022%20News%20Release.pdf,43e08675fae043d146d1cf2282497c29865b113d243c6d727c8eb3ca2ace9d98,Antonios Mantas,0.10938149842552433,1841,con_db6acf978ec15e2c9ac0230649ef0609,results-2026-09-30.2,2022-10-24
forum-2022-ward-22-2022-09-15,2022,22,2022-09-15,Forum Research,Serge Khatchadourian,candidate,0.23,https://poll.forumresearch.com/data/2fc49a81-6baf-49bc-ad01-f22449099fb4Ward%2022%20News%20Release.pdf,2022-09-16,118,reported_table_base,207,decided_leaning,Serge Khatchadourian,23,forum-2022-22-sep,PDF page 2; Council Vote Preference [Decided / Leaning]; Total column,randomly selected eligible voters; interactive voice response telephone survey,https://web.archive.org/web/20221006043454id_/https://poll.forumresearch.com/data/2fc49a81-6baf-49bc-ad01-f22449099fb4Ward%2022%20News%20Release.pdf,43e08675fae043d146d1cf2282497c29865b113d243c6d727c8eb3ca2ace9d98,Serge Khatchadourian,0.08216980571564375,1383,con_db6acf978ec15e2c9ac0230649ef0609,results-2026-09-30.2,2022-10-24
forum-2022-ward-22-2022-09-15,2022,22,2022-09-15,Forum Research,Anthony Internicola,candidate,0.09,https://poll.forumresearch.com/data/2fc49a81-6baf-49bc-ad01-f22449099fb4Ward%2022%20News%20Release.pdf,2022-09-16,118,reported_table_base,207,decided_leaning,Anthony Inernicola,9,forum-2022-22-sep,PDF page 2; Council Vote Preference [Decided / Leaning]; Total column,randomly selected eligible voters; interactive voice response telephone survey,https://web.archive.org/web/20221006043454id_/https://poll.forumresearch.com/data/2fc49a81-6baf-49bc-ad01-f22449099fb4Ward%2022%20News%20Release.pdf,43e08675fae043d146d1cf2282497c29865b113d243c6d727c8eb3ca2ace9d98,Anthony Internicola,0.0402233973025964,677,con_db6acf978ec15e2c9ac0230649ef0609,results-2026-09-30.2,2022-10-24
forum-2022-ward-22-2022-09-15,2022,22,2022-09-15,Forum Research,Other,other,0.21,https://poll.forumresearch.com/data/2fc49a81-6baf-49bc-ad01-f22449099fb4Ward%2022%20News%20Release.pdf,2022-09-16,118,reported_table_base,207,decided_leaning,Other,21,forum-2022-22-sep,PDF page 2; Council Vote Preference [Decided / Leaning]; Total column,randomly selected eligible voters; interactive voice response telephone survey,https://web.archive.org/web/20221006043454id_/https://poll.forumresearch.com/data/2fc49a81-6baf-49bc-ad01-f22449099fb4Ward%2022%20News%20Release.pdf,43e08675fae043d146d1cf2282497c29865b113d243c6d727c8eb3ca2ace9d98,,,,,results-2026-09-30.2,2022-10-24
