case_id,election_cycle_id,city,candidate_name,announcement_date,election_date,endorsed,last_poll_firm,last_poll_fieldwork_end,last_poll_denominator,last_poll_share_pct,final_votes,final_total_votes,final_share_pct,source_announcement,source_last_poll,source_final,notes
toronto-2010-thomson,toronto_2010,Toronto,Sarah Thomson,2010-09-28,2010-10-25,George Smitherman,Ipsos Reid,2010-09-26,all_respondents,7,1883,813984,0.2313,https://www.blogto.com/city/2010/09/sarah_thomson_drops_out_of_mayoral_race/,https://www.ipsos.com/sites/default/files/publication/2010-09/4952-1rev.pdf,https://www.toronto.ca/wp-content/uploads/2017/08/9783-election-2010-clerksofficialdeclaration.pdf,"Only all-respondent shares published (17% undecided); the 7% among 'absolutely certain' voters is a turnout screen."
toronto-2010-rossi,toronto_2010,Toronto,Rocco Rossi,2010-10-13,2010-10-25,,Ipsos Reid,2010-10-10,all_respondents,4,5012,813984,0.6157,https://www.blogto.com/news_flash/2010/10/rocco_rossi_pulls_out_of_the_mayoral_race/,https://www.ipsos.com/sites/default/files/publication/2010-10/4995-1tb1.pdf,https://www.toronto.ca/wp-content/uploads/2017/08/9783-election-2010-clerksofficialdeclaration.pdf,"Ended his campaign after 9 p.m. Oct 13; the poll was released that day. Likely-voter split (3%) is a turnout screen."
calgary-2010-hawkesworth,calgary_2010,Calgary,Bob Hawkesworth,2010-10-13,2010-10-18,Barb Higgins,Léger,2010-10-11,decided_only,1.9,1513,354090,0.4273,https://web.archive.org/web/20150919124348/http://www.cbc.ca/news/canada/calgary/hawkesworth-drops-out-backs-higgins-1.971147,https://web.archive.org/web/20121011173453/http://calgary.ctvnews.ca/poll-calgary-mayoralty-race-now-a-dead-heat-1.562156,https://elections-prd.calgary.ca/content/dam/www/election/documents/2010-election/2010-general-election-results.pdf,"Léger Oct 6-11 (published Oct 14) is the latest fieldwork before the suspension; Ipsos Reid Oct 5-6 had 3% decided."
calgary-2010-stewart,calgary_2010,Calgary,Wayne Stewart,2010-10-14,2010-10-18,Naheed Nenshi,Léger,2010-10-11,decided_only,1.8,1360,354090,0.3841,https://web.archive.org/web/20160316083159/http://calgary.ctvnews.ca/stewart-and-burrows-pull-out-of-race-1.563074,https://web.archive.org/web/20121011173453/http://calgary.ctvnews.ca/poll-calgary-mayoralty-race-now-a-dead-heat-1.562156,https://elections-prd.calgary.ca/content/dam/www/election/documents/2010-election/2010-general-election-results.pdf,Ipsos Reid Oct 5-6 had 2% decided.
calgary-2010-burrows,calgary_2010,Calgary,Craig Burrows,2010-10-14,2010-10-18,Ric McIver,Léger,2010-10-11,decided_only,1.2,994,354090,0.2807,https://web.archive.org/web/20160316083159/http://calgary.ctvnews.ca/stewart-and-burrows-pull-out-of-race-1.563074,https://web.archive.org/web/20121011173453/http://calgary.ctvnews.ca/poll-calgary-mayoralty-race-now-a-dead-heat-1.562156,https://elections-prd.calgary.ca/content/dam/www/election/documents/2010-election/2010-general-election-results.pdf,"Endorsed McIver on Oct 15 (Calgary Sun). Ipsos Reid Oct 5-6 had 2% decided."
london-2014-caranci,london_2014,London,Roger Caranci,2014-10-14,2014-10-27,Paul Cheng,Forum Research,2014-10-10,all_respondents,6,1190,110551,1.0764,https://www.ctvnews.ca/london/article/caranci-puts-support-behind-paul-cheng-for-london-mayor,https://web.archive.org/web/20141223002243/http://poll.forumresearch.com/data/London%20Issues%20News%20Release%20(2014%2010%2011)%20Forum%20Research.pdf,https://london.ca/sites/default/files/2020-10/2014%20Municipal%20Election%20Results.pdf,Only all-respondent shares published (18% undecided).
montreal-2017-fortier,montreal_2017,Montreal,Jean Fortier,2017-10-17,2017-11-05,Valérie Plante,Mainstreet Research,2017-09-22,decided_only,5,5948,,1.26,https://en.wikipedia.org/wiki/2017_Montreal_municipal_election,https://web.archive.org/web/20170927202258/http://qc125.com/mtl2017/Mainstreet-Qc125_MTL2017.pdf,https://en.wikipedia.org/wiki/2017_Montreal_municipal_election,"Same poll: 3% all respondents / 5% decided; decided ranks first (ADR 0057). Some sources date the suspension Oct 18. Result via Wikipedia only."
sudbury-2022-bigger,greater_sudbury_2022,Greater Sudbury,Brian Bigger,2022-10-04,2022-10-24,,,,,,607,,1.22,https://guelph.ctvnews.ca/northern-ontario/article/brian-bigger-withdraws-from-race-to-be-sudburys-mayor,,https://en.wikipedia.org/wiki/2022_Greater_Sudbury_municipal_election,No public mayoral poll found. Result via Wikipedia only.
toronto-2023-davis,toronto_2023,Toronto,Rob Davis,2023-06-20,2023-06-26,Anthony Furey,Forum Research,2023-06-09,all_respondents,0,378,724638,0.0522,https://www.cbc.ca/news/canada/toronto/mayoral-candidate-rob-davis-anthony-furey-1.6883347,https://web.archive.org/web/20230726065606/https://poll.forumresearch.com/data/cb12c41a-8453-40e6-90f1-7558d098f7e1Chow%20lead%20narrowing%20in%20final%20days%20of%20campaign_June%2024%202023.pdf,https://open.toronto.ca/dataset/election-results-official/,Forum's decided readings leave him blank. Repo corpus reading. Result from mayoral_outcomes.csv.
toronto-2023-mammoliti,toronto_2023,Toronto,Giorgio Mammoliti,2023-06-24,2023-06-26,,Forum Research,2023-06-23,all_respondents,0,1105,724638,0.1525,https://en.wikipedia.org/wiki/2023_Toronto_mayoral_by-election,https://web.archive.org/web/20230726065606/https://poll.forumresearch.com/data/cb12c41a-8453-40e6-90f1-7558d098f7e1Chow%20lead%20narrowing%20in%20final%20days%20of%20campaign_June%2024%202023.pdf,https://open.toronto.ca/dataset/election-results-official/,"Suspension date rests on an Instagram post Wikipedia flags for verification. Forum Jun 9 had 1%. Repo corpus reading. Result from mayoral_outcomes.csv."
