row_type,sav_file,doi,cycle,era,fieldwork_date,precision,n,weighted,n_ballot_scenarios,ballot_candidate_sets,matched_sample_id,corpus_fieldwork,corpus_n,n_delta_raw_minus_pub,match_basis,codebook
sav,Toronto - August 2018 - Dataset.sav,sp2-qcpm89,toronto_2018,2018,2018-08,month,1242,yes,3,Q1A[Tory/Keesmaat]; Q1B[Tory/Keesmaat]; Q9A[Conservative/Liberal/NDP/Green],forum_city_2018_08_27_n1242,2018-08-27..2018-08-27,1242,0,month+n-exact,Toronto - August 2018 - Codebook.docx
sav,Toronto - February 2018 - Dataset.sav,sp2-qcpm89,toronto_2018,2018,2018-02,month,977,yes,1,Q14[Conservative/Liberal/Democratic/Green],,,,,NEW,Toronto - February 2018 - Codebook.docx
sav,Toronto - July 26-29 2018 - Dataset.sav,sp2-qcpm89,toronto_2018,2018,2018-07-26,day,2144,yes,0,,,,,,NEW,Toronto - July 26-29 2018 - Codebook.docx
sav,Toronto - July 27 2018 - Dataset.sav,sp2-qcpm89,toronto_2018,2018,2018-07-27,day,1328,yes,3,Q1A[Tory/Keesmaat]; Q1B[Tory/Keesmaat]; Q5A[Conservative/Liberal/Democratic/Green],forum_city_2018_07_27_n1328,2018-07-27..2018-07-27,1328,0,date+n-exact,Toronto - July 27 2018 - Codebook.docx
sav,Toronto - June 2018 - Dataset.sav,sp2-qcpm89,toronto_2018,2018,2018-06,month,2521,yes,0,,,,,,NEW,Toronto - June 2018 - Codebook.docx
sav,Toronto - October 1-3 2018 - Dataset.sav,sp2-qcpm89,toronto_2018,2018,2018-10-01,day,987,yes,2,Q1A[Tory/Keesmaat]; Q1B[Tory/Keesmaat],forum_city_2018_10_03_05_n987,2018-10-03..2018-10-05,987,0,date+n-exact,Toronto - October 1-3 2018 - Codebook.docx
sav,Toronto - October 19 2018 - Dataset.sav,sp2-qcpm89,toronto_2018,2018,2018-10-19,day,265,raw-only,0,,,,,,NEW,Toronto - October 19 2018 - Codebook.docx
sav,Toronto - October 9-10 2018 - Dataset.sav,sp2-qcpm89,toronto_2018,2018,2018-10-09,day,1206,yes,2,Q1A[Tory/Keesmaat]; Q1B[Tory/Keesmaat],forum_city_2018_10_09_10_n1206,2018-10-09..2018-10-10,1206,0,date+n-exact,Toronto - October 9-10 2018 - Codebook.docx
sav,Toronto - September 20-23 2018 - Dataset.sav,sp2-qcpm89,toronto_2018,2018,2018-09-20,day,944,yes,2,Q1A[Tory/Keesmaat]; Q1B[Tory/Keesmaat],forum_city_2018_09_20_24_n944,2018-09-20..2018-09-24,944,0,date+n-exact,Toronto - September 20-23 2018 - Codebook.docx
sav,Toronto - September 6 2018 - Dataset.sav,sp2-qcpm89,toronto_2018,2018,2018-09-06,day,811,yes,2,Q1A[Tory/Keesmaat]; Q1B[Tory/Keesmaat],forum_city_2018_09_06_n811,2018-09-06..2018-09-06,811,0,date+n-exact,Toronto - September 6 2018 - Codebook.docx
sav,FO1C_DATA_20131219.sav,sp3-2anyfr,toronto_2014,2013,2013-07-29,day,1414,raw-only,4,Q2[Ford/Chow]; Q3[Ford/Tory]; Q4[Ford/Giambrone]; Q5[Ford/Stintz],forum_city_2013_07_29_n1368,2013-07-29..2013-07-29,1368,46,date(±0d),FO1C Codebook (incomplete).docx
sav,FO1Q_DATA_20131219.sav,sp3-2anyfr,toronto_2014,2013,2013-08-29,day,870,raw-only,7,Q2[Ford/Chow]; Q3[Ford/Tory]; Q5[Ford/Stintz]; Q6[Ford/Minnan-Wong]; Q7[Ford/Chow/Tory/Stintz]; Q10[Ford/Tory/Chow/Stintz]; Q11[Ford/Tory/Chow/Stintz],forum_city_2013_08_29_n848,2013-08-29..2013-08-29,848,22,date(±0d),FO1Q Codebook (incomplete).docx
sav,FO2C_DATA_20131219.sav,sp3-2anyfr,toronto_2014,2013,2013-09-20,day,1119,raw-only,5,Q2[Stintz/Chow]; Q3[Chow/Tory]; Q5[Chow/Tory/Stintz]; Q6[Chow/Minnan-Wong]; Q7[Chow/Minnan-Wong/Stintz],forum_city_2013_09_22_n1082,2013-09-21..2013-09-22,1082,37,date(±1d),FO2C Codebook (incomplete).docx
sav,FO2W_DATA_20131219.sav,sp3-2anyfr,toronto_2014,2013,2013-10-28,day,1125,raw-only,5,Q5[Ford/Stintz/Soknacki/Chow]; Q6[Stintz/Chow/Soknacki/Tory]; Q7[Ford/Chow/Tory/Soknacki/Stintz]; Q8[Stintz/Chow/Soknacki/Minnan-Wong]; Q9[Ford/Chow/Minnan-Wong/Soknacki/Stintz],forum_city_2013_10_29_n1093,2013-10-29..2013-10-29,1093,32,date(±1d),FO2W Codebook (incomplete).docx
sav,FO3K_DATA_20131219.sav,sp3-2anyfr,toronto_2014,2013,2013-11-04,day,1418,raw-only,4,Q6[Ford/Stintz/Soknacki]; Q7[Ford/Chow/Stintz/Soknacki]; Q8[Ford/Chow/Stintz/Tory/Soknacki]; Q9[Ford/Tory/Stintz/Soknacki],forum_city_2013_11_04_n1393,2013-11-04..2013-11-04,1393,25,date(±0d),FO3K Codebook (incomplete).docx
sav,FO4i_DATA_20131219.sav,sp3-2anyfr,toronto_2014,2013,2013-12-09,day,914,raw-only,7,Q2[Ford/Stintz/Soknacki]; Q3[Ford/Chow/Stintz/Soknacki]; Q4[Ford/Chow/Stintz/Tory/Soknacki]; Q5[Ford/Stintz/Tory/Soknacki]; Q6[Chow/Stintz/Soknacki]; Q7[Tory/Stintz/Soknacki]; Q8[Tory/Chow/Stintz/Soknacki],,,,,NEW,FO4I Codebook (incomplete).docx
sav,FOM9_DATA_20131219.sav,sp3-2anyfr,toronto_2014,2013,2013-01-25,day,1143,raw-only,7,Q3[Ford/Tory]; Q4[Ford/Vaughan]; Q5[Ford/Chow]; Q6[Ford/Canseco]; Q17Z[Ford/Minnan-Wong]; Q8[Ford/Stintz]; Q9[Ford/Carroll],forum_city_2013_01_25_n1099,2013-01-25..2013-01-25,1099,44,date(±0d),FOM9 Codebook (incomplete).docx
sav,FON9_DATA_20131219.sav,sp3-2anyfr,toronto_2014,2013,2013-02-22,day,838,raw-only,3,Q2[Ford/Smitherman]; Q3[Ford/Smitherman/Vaughan]; Q4[Ford/Smitherman/Chow],,,,,NEW,FON9 Codebook (incomplete).docx
sav,FOP9_DATA_20131219.sav,sp3-2anyfr,toronto_2014,2013,2013-04-11,day,1086,raw-only,6,Q1[Conservative/Liberal/Democratic/Green]; Q5[Ford/Thomson]; Q6[Ford/Thomson/Chow/Vaughan]; Q7[Ford/Thomson/Chow]; Q8[Ford/Thomson/Carroll/Chow]; Q9[Ford/Chow],,,,,NEW,FOP9 Codebook (incomplete).docx
sav,FOQ7_DATA_20131219.sav,sp3-2anyfr,toronto_2014,2013,2013-04-11,day,870,raw-only,4,Q2[Ford/Chow]; Q3[Ford/Rae]; Q4[Ford/Rae/Chow]; Q5[Ford/Rae/Vaughan/Chow],,,,,NEW,FOQ7 Codebook (incomplete).docx
sav,FOV1_DATA_20131219.sav,sp3-2anyfr,toronto_2014,2013,2013-05-10,day,1011,raw-only,8,Q9[Ford/Chow]; Q10[Ford/Chow/Stintz]; Q11[Ford/Chow/Stintz/Vaughan]; Q12[Ford/Chow/Vaughan]; Q13[Ford/Stintz]; Q14[Ford/Tory]; Q15[Ford/Chow/Tory]; Q16[Ford/Stintz/Tory],forum_city_2013_05_10_n974,2013-05-10..2013-05-10,974,37,date(±0d),FOV1 Codebook (incomplete).docx
sav,FOW3_DATA_20131219.sav,sp3-2anyfr,toronto_2014,2013,2013-06-25,day,1260,raw-only,10,Q2[Ford/Chow]; Q3[Ford/Tory]; Q4[Ford/Minnan-Wong]; Q5[Ford/Tory/Chow]; Q6A[Ford/Minnan-Wong/Chow]; Q6B[Ford/Stintz/Chow]; Q7A[Ford/Minnan-Wong/Tory]; Q7B[Ford/Stintz/Tory]; Q8A[Ford/Minnan-Wong/Tory/Chow]; Q8B[Ford/Stintz/Tory/Chow],,,,,NEW,FOW3 Codebook (incomplete).docx
sav,FO4M_DATA_20140311.sav,sp3-im2a0r,toronto_2014,2014,2014-01-06,day,1105,yes,8,Q2[Ford/Stintz/Soknacki]; Q3[Ford/Chow/Stintz/Soknacki]; Q4[Ford/Chow/Stintz/Tory/Soknacki]; Q5[Ford/Stintz/Tory/Soknacki]; Q6[Chow/Stintz/Soknacki]; Q7[Tory/Stintz/Soknacki]; Q8[Tory/Chow/Stintz/Soknacki]; Q14[Ford/Kelly/Wynne/Haines],,,,,NEW,FO4M Codebook.docx
sav,FO4U_DATA_20140311.sav,sp3-im2a0r,toronto_2014,2014,2014-01-22,day,1063,yes,7,Q2[Ford/Stintz/Soknacki]; Q3[Ford/Chow/Stintz/Soknacki]; Q4[Ford/Chow/Stintz/Tory/Soknacki]; Q5[Ford/Stintz/Tory/Soknacki]; Q6[Chow/Stintz/Soknacki]; Q7[Tory/Stintz/Soknacki]; Q8[Tory/Chow/Stintz/Soknacki],forum_city_2014_01_22_n1063,2014-01-22..2014-01-22,1063,0,date+n-exact,FO4U Codebook.docx
sav,FO4Z_DATA_20140314.sav,sp3-im2a0r,toronto_2014,2014,2014-02-06,day,769,yes,8,Q2[Ford/Stintz/Soknacki]; Q3[Ford/Chow/Soknacki/Gardner]; Q4[Ford/Chow/Stintz/Soknacki]; Q5[Ford/Chow/Stintz/Tory/Soknacki]; Q6[Ford/Stintz/Tory/Soknacki]; Q7[Chow/Stintz/Soknacki]; Q8[Tory/Stintz/Soknacki]; Q9[Tory/Chow/Stintz/Soknacki],forum_city_2014_02_06_n769,2014-02-06..2014-02-06,769,0,date+n-exact,FO4Z Codebook.docx
sav,FO5F_DATA_20140314.sav,sp3-im2a0r,toronto_2014,2014,2014-02-24,day,1310,yes,9,Q6[Ford/Tory/Stintz/Soknacki]; Q7[Ford/Tory/Stintz/Soknacki/Chow]; Q8[Tory/Stintz/Soknacki/Chow]; Q9[Ford/Tory/Chow]; Q10[Ford/Tory]; Q14[Ford/Tory/Chow/Stintz]; Q15[Ford/Tory/Chow/Stintz]; Q16[Ford/Tory/Chow/Stintz/Soknacki/for]; Q19[Conservative/Liberal/Democratic/Green],forum_city_2014_02_24_n1310,2014-02-24..2014-02-24,1310,0,date+n-exact,FO5F Codebook.docx
sav,FO5K_DATA_20140620.sav,sp3-im2a0r,toronto_2014,2014,2014-03-13,day,1271,yes,3,Q6[Ford/Tory/Stintz/Soknacki/Chow]; Q7[Tory/Stintz/Soknacki/Chow]; Q8[Ford/Tory/Chow],forum_city_2014_03_13_n1271,2014-03-13..2014-03-13,1271,0,date+n-exact,FO5K Codebook.docx
sav,FO5U_DATA_20140708.sav,sp3-im2a0r,toronto_2014,2014,2014-03-27,day,634,yes,3,Q2[Ford/Stintz/Tory/Chow/Soknacki]; Q3[Chow/Stintz/Tory/Soknacki]; Q5[Ford/Stintz/Tory/Chow/Soknacki],forum_city_2014_03_27_n634,2014-03-27..2014-03-27,634,0,date+n-exact,FO5U Codebook.docx
sav,FO6G_DATA_20140710.sav,sp3-im2a0r,toronto_2014,2014,2014-04-14,day,882,yes,5,Q1[Ford/Stintz/Tory/Chow/Soknacki]; Q2[Chow/Stintz/Tory/Soknacki]; Q3[Ford/Tory/Chow]; Q4[Ford/Stintz/Tory/Chow/Soknacki]; Q5[Ford/Stintz/Tory/Chow/Soknacki],forum_city_2014_04_14_n882,2014-04-14..2014-04-14,882,0,date+n-exact,FO6G Codebook.docx
sav,FO6N_DATA_20140709.sav,sp3-im2a0r,toronto_2014,2014,2014-05-01,day,888,yes,5,Q1[Ford/Stintz/Tory/Chow/Soknacki]; Q2[Chow/Stintz/Tory/Soknacki]; Q3[Ford/Tory/Chow]; Q4[Ford/Stintz/Tory/Chow/Soknacki]; Q5[Ford/Stintz/Tory/Chow/Soknacki],forum_city_2014_05_01_n888,2014-05-01..2014-05-01,888,0,date+n-exact,FO6N Codebook.docx
sav,FO7N_DATA_20140709.sav,sp3-im2a0r,toronto_2014,2014,2014-05-06,day,944,yes,6,Q1[Ford/Stintz/Tory/Chow/Soknacki]; Q2[Chow/Stintz/Tory/Soknacki]; Q3[Ford/Tory/Chow]; Q4[Chow/Tory]; Q5[Ford/Stintz/Tory/Chow/Soknacki]; Q6[Ford/Stintz/Tory/Chow/Soknacki],,,,,NEW,FO7N Codebook.docx
sav,FO8H_DATA_20141031.sav,sp3-im2a0r,toronto_2014,2014,2014-07-02,day,1182,yes,4,Q1[Ford/Stintz/Tory/Chow/Soknacki]; Q2[Chow/Stintz/Tory/Soknacki]; Q3[Ford/Tory/Chow]; Q4[Tory/Chow],forum_city_2014_07_02_n1182,2014-07-02..2014-07-02,1182,0,date+n-exact,FO8H Codebook.docx
sav,FO8U_SPSS.sav,sp3-im2a0r,toronto_2014,2014,2014-08-06,day,1268,yes,3,Q1[Ford/Stintz/Tory/Chow/Soknacki]; Q2[Ford/Tory/Soknacki/Chow]; Q3[Ford/Tory/Chow],forum_city_2014_08_05_06_n1268,2014-08-05..2014-08-06,1268,0,date+n-exact,FO8U Codebook.docx
sav,FO9G_SPSS.sav,sp3-im2a0r,toronto_2014,2014,2014-09-08,day,1069,yes,5,Q1[Ford/Tory/Soknacki/Chow]; Q2X[Ford/Tory/Chow]; Q2Y[Ford/Tory]; Q10[Ford/Tory/Chow/Soknacki]; Q11[Ford/Tory/Chow/Soknacki],forum_city_2014_09_08_n1069,2014-09-08..2014-09-08,1069,0,date+n-exact,FO9G Codebook.docx
sav,FOAG_SPSS.sav,sp3-im2a0r,toronto_2014,2014,2014-10-06,day,1218,yes,2,Q1a[Ford/Tory/Chow]; Q1b[Ford/Tory/Chow],forum_city_2014_10_06_n1218,2014-10-06..2014-10-06,1218,0,date+n-exact,FOAG Codebook.docx
sav,FOCA_SPSS.sav,sp3-im2a0r,toronto_2014,2014,2014-11-25,day,950,yes,1,Q21[Ford/Tory/Chow],,,,,NEW,FOCA Codebook.docx
sav,FOCK_SPSS_20150520_FORMATTED.sav,sp3-im2a0r,toronto_2014,2014,2014-12,month,1001,yes,1,Q25[Ford/Tory/Chow],,,,,NEW,FOCK Codebook.docx
corpus_gap,,,toronto_2014,,,,,,,,forum_city_2013_03_19_n1045,2013-03-19..2013-03-19,1045,,corpus-only (no sav),
corpus_gap,,,toronto_2014,,,,,,,,forum_city_2013_10_30_n1041,2013-10-30..2013-10-30,1041,,corpus-only (no sav),
corpus_gap,,,toronto_2014,,,,,,,,forum_city_2013_10_31_n1032,2013-10-31..2013-10-31,1032,,corpus-only (no sav),
corpus_gap,,,toronto_2014,,,,,,,,forum_city_2013_11_06_n1157,2013-11-06..2013-11-06,1157,,corpus-only (no sav),
corpus_gap,,,toronto_2014,,,,,,,,forum_city_2013_11_24_n1049,2013-11-24..2013-11-24,1049,,corpus-only (no sav),
corpus_gap,,,toronto_2014,,,,,,,,forum_city_2014_05_21_n923,2014-05-21..2014-05-21,923,,corpus-only (no sav),
corpus_gap,,,toronto_2014,,,,,,,,forum_city_2014_06_23_n890,2014-06-23..2014-06-23,890,,corpus-only (no sav),
corpus_gap,,,toronto_2014,,,,,,,,forum_city_2014_07_21_n1063,2014-07-21..2014-07-21,1063,,corpus-only (no sav),
corpus_gap,,,toronto_2014,,,,,,,,forum_city_2014_08_25_26_n1945,2014-08-25..2014-08-26,1945,,corpus-only (no sav),
corpus_gap,,,toronto_2014,,,,,,,,forum_city_2014_09_12_n1228,2014-09-12..2014-09-12,1228,,corpus-only (no sav),
corpus_gap,,,toronto_2014,,,,,,,,forum_city_2014_09_22_n1164,2014-09-22..2014-09-22,1164,,corpus-only (no sav),
corpus_gap,,,toronto_2014,,,,,,,,forum_city_2014_09_29_n1202,2014-09-29..2014-09-29,1202,,corpus-only (no sav),
corpus_gap,,,toronto_2014,,,,,,,,forum_city_2014_10_15_n1241,2014-10-15..2014-10-15,1241,,corpus-only (no sav),
corpus_gap,,,toronto_2014,,,,,,,,forum_city_2014_10_20_n852,2014-10-20..2014-10-20,852,,corpus-only (no sav),
corpus_gap,,,toronto_2014,,,,,,,,forum_city_2014_10_25_n986,2014-10-25..2014-10-25,986,,corpus-only (no sav),
corpus_gap,,,toronto_2022,,,,,,,,forum_city_2022_10_07_08_n1017,2022-10-07..2022-10-08,1017,,corpus-only (no sav),
corpus_gap,,,toronto_2023,,,,,,,,forum_city_2023_02_13_n1042,2023-02-13..2023-02-13,1042,,corpus-only (no sav),
corpus_gap,,,toronto_2023,,,,,,,,forum_city_2023_03_22_23_n1009,2023-03-22..2023-03-23,1009,,corpus-only (no sav),
corpus_gap,,,toronto_2023,,,,,,,,forum_city_2023_04_25_26_n1022,2023-04-25..2023-04-26,1022,,corpus-only (no sav),
corpus_gap,,,toronto_2023,,,,,,,,forum_city_2023_05_06_07_n2000,2023-05-06..2023-05-07,2000,,corpus-only (no sav),
corpus_gap,,,toronto_2023,,,,,,,,forum_city_2023_05_13_n1029,2023-05-13..2023-05-13,1029,,corpus-only (no sav),
corpus_gap,,,toronto_2023,,,,,,,,forum_city_2023_05_19_n1000,2023-05-19..2023-05-19,1000,,corpus-only (no sav),
corpus_gap,,,toronto_2023,,,,,,,,forum_city_2023_05_26_n1007,2023-05-26..2023-05-26,1007,,corpus-only (no sav),
corpus_gap,,,toronto_2023,,,,,,,,forum_city_2023_06_02_n1032,2023-06-02..2023-06-02,1032,,corpus-only (no sav),
corpus_gap,,,toronto_2023,,,,,,,,forum_city_2023_06_09_n1047,2023-06-09..2023-06-09,1047,,corpus-only (no sav),
corpus_gap,,,toronto_2023,,,,,,,,forum_city_2023_06_23_n1037,2023-06-23..2023-06-23,1037,,corpus-only (no sav),
