scenario,polls_added,chow_win,bradford_win,alexander_win,bradford_win_chain_se,margin_median,margin_lower,margin_upper,alexander_election_median,alexander_election_lower,alexander_election_upper,alexander_now_median,retried,worst_r_hat,min_ess
baseline,0,0.75375,0.244125,0.002125,0.007467638515621925,11.638169252313347,-11.604449574137943,34.16578041346047,0.06658801066273617,0.01982419578603659,0.13465936437625747,0.08064391540595958,False,1.001208005783748,3750.5688692752283
head-to-head-n1,1,0.7770625,0.2205,0.0024375,0.0027252675709613077,12.770158014836507,-9.851201507311346,35.13325867277756,0.06707227908331495,0.01979600296730205,0.13663050504763521,0.08077068425768702,True,1.0012474314067281,2723.4662964179583
head-to-head-n2,2,0.779625,0.2179375,0.0024375,0.005147182684083923,12.704490054579992,-9.749161092981172,34.95198534294224,0.06671936701240243,0.019611341277443378,0.1353974154260308,0.0809306663027077,False,1.0010245064612355,3053.7089894369756
head-to-head-n3,3,0.7736875,0.224625,0.0016875,0.0029306213789342837,12.126618814313103,-10.177186470104767,33.655690797902224,0.06741945256377,0.020088946498678338,0.13555342446079027,0.08135920907507187,False,1.0011497196026828,2327.1372013366517
control-n1,1,0.775625,0.2230625,0.0013125,0.0026425504567872834,12.602694558892749,-9.995215453213067,34.67209121368398,0.06686966224122642,0.02019495742655995,0.13252287500485757,0.0809534291448667,False,1.001798025105164,2283.4842773470027
control-n2,2,0.780125,0.2181875,0.0016875,0.004964850408958298,12.627449090122237,-9.9323096755375,33.851145614279986,0.06781089420582541,0.021033962762443223,0.13468629356653733,0.08161891418034074,False,1.000933334847632,3083.300754746524
control-n3,3,0.7755625,0.2223125,0.002125,0.0036448808279558364,12.111413929371409,-9.569997043639109,33.20170342593431,0.06907021592315174,0.02170620486413494,0.1359808717770149,0.08315461310204844,False,1.001515032008476,1739.59221692513
alexander-6pct-n1,1,0.7735625,0.2243125,0.002125,0.004198679107767106,12.658646277025326,-10.240738316017847,35.55019726753652,0.06090037703162414,0.01617038989507068,0.1283598548245365,0.07449647493562195,True,1.0019119192541075,2899.5960314967115
alexander-6pct-n2,2,0.786125,0.212125,0.00175,0.001556237449748593,13.755342886317791,-9.579549575890232,36.55229342315454,0.05614855939738015,0.014703411930458442,0.1219059094908564,0.07001486166419574,True,1.0007489679563157,5185.669621043559
alexander-6pct-n3,3,0.7729375,0.225875,0.0011875,0.0006166103577895315,12.58516115915218,-10.127287374916785,34.994595203190194,0.05436114251071818,0.014234004463134768,0.11712341633093097,0.06806543162391726,True,1.0011936256522864,4723.67361738013
alexander-3pct-n1,1,0.7655625,0.2338125,0.000625,0.002321491528450329,13.072522178166995,-11.597794232412763,37.00305886613846,0.05032988845026817,0.01164038250171792,0.11387174823981423,0.06237119758852474,False,1.0011104908750212,3355.90100874172
alexander-3pct-n2,2,0.7624375,0.2365,0.0010625,0.0037458310159429213,13.953221113066736,-12.254548620850263,38.81001710580608,0.03736234854198908,0.005858492624825183,0.09373929530608446,0.0490595818595505,False,1.0007293506864174,3285.065673497789
alexander-3pct-n3,3,0.7388125,0.2605,0.0006875,0.004521937269209592,12.396659545335769,-13.723064579542168,37.90961330971374,0.03131643618712694,0.00418875590760084,0.08372076287859517,0.04289933277790774,False,1.001019018621245,4737.33796860406
alexander-1pct-n1,1,0.7411875,0.25775,0.0010625,0.002588033358878255,13.9533129511591,-14.856315432920379,41.490890862310046,0.03168789083704557,0.0035843340255716886,0.08769184442674872,0.043161647075241796,False,1.0005524357658093,2765.0890174210313
alexander-1pct-n2,2,0.7190625,0.2806875,0.00025,0.003950705369508926,14.316593777941016,-18.808792068867827,44.88545999640809,0.015902684454339466,0.0005373160020832905,0.057900487136689965,0.025217680931232986,False,1.0008234600479677,4485.823330700661
alexander-1pct-n3,3,0.692,0.3076875,0.0003125,0.002165965431395425,12.002138328498882,-20.084398229959074,42.978145325134,0.010817569607353548,0.00015285817268208184,0.0465104570017002,0.019713753610703343,False,1.0008914222416558,3500.2084763309826
